,Medal,Event_Count,Cluster1,Cluster2,Cluster3,Cluster4,Cluster5,Cluster6,Cluster7,Cluster8,Cluster9,Male_Percentage,is_Host?
AFG,1.3684555315672042e-48,4.556621040303565,0.0,0.0,0.0,0.08602412599974067,0.0,0.0,0.0,0.0,0.0,57.053276533644095,0
AHO,0.0,6.7715858205045,0.0,0.0,0.0,-4.824558165895697e-06,0.0,0.0,0.0,0.0,0.21182489292434933,94.01981901715979,0
AIN,10.000000000000002,,0.0,0.0,0.0,0,0.0,3.0000000000000004,10.00000166666611,0.0,3.00000049999975,0.0,0
ALB,2.0,6.219995523736253,0.0,0.0,0.0,-4.824558165895698e-06,0.0,2.0,0.0,0.0,0.0,57.36556373576233,0
ALG,7.000000000000001,46.25263390225916,0.0,6.0000146156071565,0.0,-4.8245581658957044e-06,0.0,2.8502186751073104,0.0,0.0,0.0,67.01708972199071,0
AND,0.0,3.8892076256878987,0.0,0.0,0.0,-4.824558165895697e-06,0.0,0.0,0.0,0.0,0.0,0.0,0
ANG,0.0,13.356431905732125,0.0,0.0,0.0,-4.824558165895686e-06,0.0,0.0,0.0,0.0,0.0,0.0,0
ANT,0.0,3.438767888079194,0.0,0.0,0.0,-4.824558165895695e-06,0.0,0.0,0.0,0.0,0.0,0.0,0
ANZ,11.0,0,0.0,0.0,0,-4.824558165895707e-06,0.0,0,0.0,0,1.9999999999999996,0,0
ARG,6.0,56.83866331447146,-2.916448807822559e-303,0.1592361876139704,0.0,0.13317306380591146,2.2809305070593897,1.3621669299663142,1.3961318563317366,0.0,0.6961256496334283,73.46287170553619,0
ARM,7.0,26.00789634197769,0.0,2.9999807786269814,0.0,-4.824558165895734e-06,0.0,5.173425814175793,0.0,0.0,0.0,77.48977630006509,0
ARU,0.0,7.047169989067557,0.0,0.0,0.0,-4.824558165895698e-06,0.0,0.0,0.0,0.0,0.0,0.0,0
ASA,0.0,4.886815947740838,0.0,0.0,0.0,-4.824558165895698e-06,0.0,0.0,0.0,0.0,0.0,0.0,0
AUS,102.0,235.1802628083601,0.0,9.676052943696844,0.3232875120515047,0.3736993255030553,2.4313229738785727,51.48124605333588,0.0,0.0,15.180079858966838,51.26631464581432,0
AUT,9.0,72.70787037683505,0.0,0.0,0.0,-4.824558165895716e-06,2.2502927983457575,2.704454273819216,0.0,0.0,4.213635466870874,60.09277697753963,0
AZE,13.0,42.31353982441874,0.0,0.0,0.0,-0.41852758294549863,3.3542082575144905,11.059259233744982,0.0,0.0,0.0,62.672168868453255,0
BAH,-8.881784197001252e-16,13.273000706272587,0.0,0.0,0.0,-4.824558165895708e-06,0.0,2.438673939548656,0.0,0.0,-0.3033133243877903,37.5009174259459,0
BAN,0.0,6.634094663545014,0.0,0.0,0.0,-4.824558165895686e-06,0.0,0.0,0.0,0.0,0.0,0.0,0
BAR,1.8726705418768793e-96,4.049241652497621,0.0,0.0,0.0,-4.824558165895688e-06,0.0,0.07142369351517973,0.0,0.0,0.0,59.973375080713744,0
BDI,2.465190328815662e-32,7.7165390473377755,0.0,0.0,0.0,-4.824558165895734e-06,0.0,0.6249788021782179,0.0,0.0,0.0,65.43032293173827,0
BEL,14.0,90.96866250880888,0.0,2.9800065976012036,0.0,1.636184562734322,-0.5864201191170006,5.277796046634771,3.000046462000943,0.0,2.7782237002178096,57.67737011543226,0
BEN,0.0,6.937254695786084,0.0,0.0,0.0,-4.824558165895697e-06,0.0,0.0,0.0,0.0,0.0,0.0,0
BER,0.0,6.843460592965437,0.0,0.0,0.0,-4.824558165895721e-06,0.0,0.04999985164806639,4.221916050789279,0.0,0.0,49.828538562127804,0
BHU,0.0,2.7682969538123343,0.0,0.0,0.0,-4.824558165895686e-06,0.0,0.0,0.0,0.0,0.0,0.0,0
BIH,0.0,6.415300439398978,0.0,0.0,0.0,-4.824558165895735e-06,0.0,0.0,0.0,0.0,0.0,0.0,0
BIZ,0.0,1.0049026989952086,0.0,0.0,0.0,-4.824558165895688e-06,0.0,0.0,0.0,0.0,0.0,0.0,0
BLR,12.0,107.32636178531928,0.0,0.0,0.0,-4.824558165895721e-06,4.684046105259405,6.79587978596134,14.999928823280296,0.0,-1.1655874750045905,40.875903056963345,0
BOH,-2.220446049250313e-16,18.799508824792078,0.0,0.0,0.0,-4.824558165895729e-06,0.0,0.9999996221344738,0,0.0,-1.733459507575483,-0.012997795429740222,0
BOL,0.0,5.824650010885105,0.0,0.0,0.0,-4.824558165895705e-06,0.0,0.0,0.0,0.0,0.0,0.0,0
BOT,5.0,8.15052065130591,0.0,0.0,0.0,-4.824558165895695e-06,0.0,3.290803161689608,0.0,0.0,0.0,79.82820634571358,0
BRA,33.0,161.7455237276308,0.0,20.94302884073566,0.0,-0.004586440604008646,0.0,12.51629294233075,5.1069447886495105,0.0,5.940742041458883,42.889966031945356,0
BRN,9.0,15.119748802069068,0.0,0.0,0.0,-4.824558165895686e-06,0.0,6.803529288419899,0.0,0.0,0.0,66.3330566223411,0
BRU,0.0,2.5986456329788896,0.0,0.0,0.0,-4.824558165895721e-06,0.0,0.0,0.0,0.0,0.0,0.0,0
BUL,14.0,52.73532392441838,0.0,0.21289245538184226,0.0,0.0026267980973395527,8.659473890451679,11.18740555336399,0.0,0.0,-0.25329167656947504,44.029487524185576,0
BUR,0.0,7.4281824523022415,0.0,0.0,0.0,-4.824558165895686e-06,0.0,0.15038411952530945,0.0,0.0,0.0,60.265307404101506,0
CAF,0.0,4.073112944894349,0.0,0.0,0.0,-4.824558165895695e-06,0.0,0.0,0.0,0.0,0.0,0.0,0
CAM,0.0,5.164401646886044,0.0,0.0,0.0,-4.824558165895686e-06,0.0,0.0,0.0,0.0,0.0,0.0,0
CAN,51.0,200.2249356401252,0.0,0.32263801155173866,2.962391038234031,0.06686583758632955,1.2688766130921743,24.538277258125415,-2349.0000000000546,0.0,3.159330409948096,42.42580292642238,0
CAY,0.0,6.601519431784206,0.0,0.0,0.0,-4.824558165895695e-06,0.0,0.0,0.0,0.0,0.0,0.0,0
CGO,0.0,4.238594563679081,0.0,0.0,0.0,-4.824558165895688e-06,0.0,0.0,0.0,0.0,0.0,0.0,0
CHA,0.0,2.868483362004387,0.0,0.0,0.0,-4.824558165895688e-06,0.0,0.0,0.0,0.0,0.0,0.0,0
CHI,5.0,37.53500631208267,0.0,0.0,0.0,-4.824558165895702e-06,0.0,0.6250025767651382,0.0,0.0,0.8920041051856605,45.359013396557295,0
CHN,184.0,233.94100859923688,0.0,17.428297029127936,2.2485754175022405,29.88635352956525,45.46541427555831,81.91124842942604,23.426514448880255,0.0,9.132289015429757,38.08803831286677,0
CIV,1.0,11.065276201796038,0.0,0.0,0.0,0.06321040710911047,0.0,0.13330980006077253,0.0,0.0,0.0,39.60997102407961,0
CMR,0.0,7.150180466258978,0.0,0.0,0.0,-4.824558165895705e-06,0.0,0.5624997499007868,0.0,0.0,0.2964393872475571,40.79665229932487,0
COD,0.0,4.372837654869496,0.0,0.0,0.0,-4.824558165895695e-06,0.0,0.0,0.0,0.0,0.0,0.0,0
COK,0.0,2.407248492664508,0.0,0.0,0.0,-4.824558165895698e-06,0.0,0.0,0.0,0.0,0.0,0.0,0
COL,6.999999999999999,68.34493405446788,0.0,4.000000618398319,0.0,0.0542422788077119,0.0,5.964718809008847,0.0,0.0,3.560862761637055,46.10306294282745,0
COM,0.0,2.9688473194720086,0.0,0.0,0.0,-4.824558165895734e-06,0.0,0.0,0.0,0.0,0.0,0.0,0
CPV,1.0,7.438338527745844,0.0,0.0,0.0,-4.824558165895734e-06,0.0,1.000000000000442,0.0,0.0,0.0,55.13412347080832,0
CRC,0.0,10.257432155546958,0.0,0.0,0.0,-4.824558165895714e-06,0.0,0.07481083364784401,0.0,0.0,0.0,52.093926050786344,0
CRO,13.0,46.61100524983713,0.0,0.8937582865345941,0.0,0.35205039252814063,0.0,9.295080822226724,0.0,0.0,4.2399410518893434,74.2577675129645,0
CRT,0.0,,0.0,0.0,0.0,0,0.0,0.0,0.0,0.0,0.0,0.0,0
CUB,14.0,56.191331995653,0.0,0.07213842918808715,0.0,1.4254744575630687,0.0,10.65625096363841,4.520468450325156,0.0,0.2145661404720445,53.70881448177508,0
CYP,2.0,22.273032347318615,0.0,0.0,0.0,-4.824558165895695e-06,0.0,0.0,0.0,0.0,0.3442935223659891,61.288197031176466,0
CZE,11.000000000000002,99.04165564590501,0.0,0.0,0.0,-4.824558165895734e-06,0.0,2.000179659084946,8.145045012762866,0.0,4.18788311734175,55.381502195554866,0
DEN,14.999999999999998,66.52143089511996,0.0,0.0,0.0,3.4385380606318368,-3.132452806891797e-20,7.268324508506142,13.143865300572877,0.0,5.122764110358691,53.519997593204735,0
DJI,0.0,7.29744996923634,0.0,0.0,0.0,-4.824558165895698e-06,0.0,0.0,0.0,0.0,0.0,73.8026453373926,0
DMA,2.9999999999999996,5.525562084837247,0.0,0.0,0.0,-4.824558165895734e-06,0.0,2.999985207229044,0.0,0.0,0.0,61.8283165171823,0
DOM,5.0,30.618551498856892,0.0,0.0,0.497976516030743,0.10158497956074801,0.0,4.53818970440311,0.0,0.0,0.0,60.020648249956125,0
ECU,9.0,35.99773486789406,0.0,0.0,0.0,-4.824558165895705e-06,0.0,9.766189449402379,0.0,0.0,2.964690150397495,40.70355090702784,0
EGY,6.0,97.98129598542344,0.0,0.0,0.0,-0.36924131404194854,0.29878165452894034,5.236607809319735,0.0,0.0,0.0,60.11132114876619,0
EOR,1.0,0,0.0,0.0,0,-4.824558165895707e-06,0.0,0,0.0,0,0.0,0,0
ERI,0.0,9.701430491377176,0.0,0.0,0.0,-4.824558165895721e-06,0.0,0.0,0.0,0.0,0.0,83.54534821639275,0
ESA,0.0,7.489816763008415,0.0,0.0,0.0,-4.824558165895688e-06,0.0,0.0,0.0,0.0,0.0,0.0,0
ESP,32.0,172.07328810275393,0.0,1.0859905009096558,0.6247081528784711,0.5563809738716397,-2.060559949983266,14.104054575679045,9.675717045578924,0.4991428615049008,8.610216791596365,53.45997071144629,0
EST,4.440892098500626e-16,24.034380882240196,0.0,0.0,0.0,-4.824558165895688e-06,0.0,2.8964298800454906,0.0,0.0,0.048124790353771894,62.26874182051389,0
ETH,9.0,13.420357785437673,0.0,0.0,0.0,-4.8245581658957044e-06,0.0,8.803480507559282,0.0,0.0,0.0,39.82042717787174,0
EUN,220.0,,0.0,7.500001249999375,0.0,0,12.000001999999,203.00000000000003,0.0,0.0,3.00000049999975,62.30769230769232,0
FIJ,1.9999999999999996,13.028589038869761,0.0,0.0,0.0,-4.824558165895705e-06,0.0,0.0,3.1929267998550745,0.0,0.0,56.18878337432979,0
FIN,0.0,41.75061470982551,0.0,0.0,0.0,0.1495843343213495,0.0,-0.022906722885832485,0.0,0.0,-0.40804385096438184,43.073659412056756,0
FRA,116.0,248.46433499058796,0.0,12.613032808096339,2.0000008616234126,1.4897176954408518,2.229518528310469,51.72026446180878,36.3993134088427,5.000002756765774,13.696894331826533,58.788594826313606,0
FRG,71.0,194.00000567789496,0.0,0.0,0.0,-4.82455816589571e-06,5.220678494169808,52.39595691647334,0.0,0.0,31.646688977269804,62.16196384425286,0
FSM,0.0,4.142659905423216,0.0,0.0,0.0,-4.824558165895721e-06,0.0,0.0,0.0,0.0,0.0,0.0,0
GAB,0.0,5.100327902949182,0.0,0.0,0.0,0.25467158574923554,0.0,0.0,0.0,0.0,0.0,71.1964836605052,0
GAM,0.0,8.040831224585254,0.0,0.0,0.0,-4.824558165895686e-06,0.0,0.0,0.0,0.0,0.0,0.0,0
GBR,111.0,193.5309261787161,0.0,5.893917565076899,2.8610763109151996e-68,2.7512609382363524,12.05130380683136,52.60626926851032,43.492990920776535,1.498493628115921,20.97400384823704,54.028536199571256,0
GBS,0.0,4.9570710313837605,0.0,0.0,0.0,-4.824558165895734e-06,0.0,0.0,0.0,0.0,0.0,0.0,0
GDR,192.0,156.99999532381813,0.0,1.5670534373688947,0.0,-4.82455816589571e-06,7.682148741748316,153.8361939988168,0.0,0.0,22.159473042635142,57.02019497765668,0
GEO,15.999999999999998,34.39537039328847,0.0,0.0,0.0,-4.824558165895734e-06,0.0,15.701892877985745,0.0,0.0,0.0,79.0601370179488,0
GEQ,0.0,2.7276236444009374,0.0,0.0,0.0,-4.824558165895686e-06,0.0,0.0,0.0,0.0,0.0,0.0,0
GER,63.0,232.55591793705187,4.243991582e-314,3.931006786264393,0.0,1.3544121585983067,8.111658790216968,33.04769398585972,12.966816475486869,0.17934786439989958,21.479088389343246,57.06224205130452,0
GHA,0.0,3.6217313380241984,0.0,0.0,0.0,-4.824558165895705e-06,0.0,0.21857964309340383,0.0,0.0,0.049436190806641446,60.45339633009674,0
GRE,11.0,58.56287264205522,0.0,1.4993990616683357,0.0,0.10159760245717792,-3.8061898571125604e-08,9.383772071218024,0.0,0.0,-2.298435889401235,60.62320306732161,0
GRN,2.0,5.16434554734765,0.0,0.0,0.0,-4.824558165895686e-06,0.0,1.7273775164806027,0.0,0.0,0.0,69.34887346968017,0
GUA,3.9999999999999996,16.383357688152557,0.0,0.0,0.0,-4.824558165895714e-06,0.0,1.4896929004692216,0.0,0.0,0.0,64.89739293768862,0
GUI,0.0,5.004515005413002,0.0,0.0,0.0,-4.824558165895697e-06,0.0,0.0,0.0,0.0,0.0,0.0,0
GUM,0.0,8.405960024916382,0.0,0.0,0.0,-4.824558165895698e-06,0.0,0.0,0.0,0.0,0.0,0.0,0
GUY,6.317460331175305e-176,5.927090773587312,0.0,0.0,0.0,-4.824558165895713e-06,0.0,0.052626365036420944,0.0,0.0,0.0,41.93336869405422,0
HAI,0.0,9.983349124044882,0.0,0.0,0.0,-4.824558165895708e-06,0.0,-1.6322237870042461e-99,0.0,0.0,0.0,44.22244414913847,0
HKG,8.0,34.190217967540754,0.0,0.0,0.0,0.11167312580481759,0.9896151548902734,8.007623418208698,1.3133343393015289,0.0,0.39753261121556527,34.624501688319896,0
HON,0.0,4.508453458253978,0.0,0.0,0.0,-4.824558165895697e-06,0.0,0.0,0.0,0.0,0.0,0.0,0
HUN,35.0,119.31691928996325,0.0,4.249370875035809,0.0,0.006344367513026972,0.9931926202869442,21.294576650032365,21.196180828096544,0.0,-1.7262364027677446,56.05639875017377,0
INA,7.0,23.980473982653873,0.0,0.0,0.0,2.1555559082140867,6.00003128650143,3.196296582375138,0.0,0.0,0.0,56.451371694389046,0
IND,7.000000000000001,72.07760134810434,0.0,0.0,0.0,0.22610466834022103,1.025137792083074,5.983073891522427,0.0,0.0,0.10583271070130237,55.64194656395307,0
IOA,4.0,5.994001369479942,0.0,0.0,0.0,-4.824558165895729e-06,0.0,1.9999977664080544,0,0.0,0.0,0.0,0
IRI,24.0,44.36176469763771,0.0,0.0,0.0,4.2819454554552845,2.9711445198950197,13.50936975767897,0.0,0.0,0.0,78.42077253722317,0
IRL,11.0,70.81039047867274,0.0,5.999998322379345,0.0,-4.8245581658957205e-06,0.0,5.28974627937556,0.0,0.0,1.2449744099976763,56.4347639370784,0
IRQ,0.0,4.2860903688551115,0.0,0.0,0.0,-4.824558165895705e-06,0.0,0.0,0.0,0.0,0.0,86.20125545355485,0
ISL,0.0,9.525694621828375,0.0,0.0,0.0,-4.8245581658957205e-06,0.0,0.2608701319195905,0.0,0.0,0.0,52.97656417231434,0
ISR,14.0,72.22862448817202,0.0,3.6570725129682877,0.0,0.0034460836188256114,3.6570725129682877,2.5023198844911905,0.0,0.0,3.828205564050837,53.70432553538151,0
ISV,0.0,4.48574734259151,0.0,0.0,0.0,-4.824558165895688e-06,0.0,0.0,0.0,0.0,-0.11693444781562612,72.82068665055843,0
ITA,69.0,220.43914737645673,0.0,4.4067675255689664,0.0,4.674226672759295,1.130062632056656,40.61051501987579,19.078516014223354,0.0,10.911076286437815,58.298280550828636,0
IVB,0.0,3.7628169304192056,0.0,0.0,0.0,-4.824558165895686e-06,0.0,0.0,0.0,0.0,0.0,0.0,0
JAM,11.0,31.51690064099024,0.0,0.0,0.0,-4.824558165895713e-06,0.0,12.770073518489742,0.0,0.0,0.02113451846219501,38.78288905475383,0
JOR,2.0,10.089468527388112,0.0,0.0,0.0,0.8478255142516274,0.9769736523877055,0.0,0.0,0.0,0.0,76.76882978920986,0
JPN,95.0,214.89519539454415,0.0,36.18765083644378,1.1932942295832218,4.37212018856659,6.647002215818366,62.4656970329734,5.8873394849924345,0.0,0.38475646704984356,52.17974698327408,0
KAZ,12.0,88.75885224786983,0.0,3.9999846147503675,0.0,0.35817078621285414,1.6777267331315007,17.497463612010865,0.0,0.0,-0.8718388695654375,76.6607375647547,0
KEN,19.0,24.64326827500213,0.0,0.0,0.0,-4.824558165895705e-06,0.0,19.67134179373258,0.0,0.0,0.0,48.02550311290866,0
KGZ,8.0,17.0,0.0,0.0,0.0,-4.824558165895734e-06,0.0,8.154121363830962,0.0,0.0,0.0,70.36460806318263,0
KIR,0.0,3.0,0.0,0.0,0.0,-4.824558165895731e-06,0.0,0.0,0.0,0.0,0.0,0.0,0
KOR,62.0,115.68584840488656,0.0,1.2187980043388764,0.0,25.06160677930118,0.9512498513872178,37.714862597869704,2.556230306252222,0.0,0.3910947480308277,47.10681436408042,0
KOS,3.000000000021066,10.846302282791981,0.0,0,0.0,-4.8245581658957205e-06,0,3.9999957845314555,0.0,0.0,0,41.36659884349703,0
KSA,0.0,10.867884978074088,0.0,0.0,0.0,-4.824558165895697e-06,1.9719058025504541,0.15384610628734385,0.0,0.0,-0.053695647359886974,83.86456373493434,0
KUW,0.0,8.047836780907321,0.0,0.0,0.0,-4.824558165895688e-06,0.0,0.38878261090451754,0.0,0.0,0.0,61.03545030793411,0
LAO,0.0,3.966200585086966,0.0,0.0,0.0,-4.824558165895686e-06,0.0,0.0,0.0,0.0,0.0,0.0,0
LAT,4.440892098500626e-16,23.831458225626374,0.0,0.5948736472741966,0.0,-4.824558165895697e-06,2.957272075537226,-0.38682847592038355,0.0,0.0,1.8912478254616771,54.053917854358815,0
LBA,0.0,5.268570044711862,0.0,0.0,0.0,-4.824558165895695e-06,0.0,0.0,0.0,0.0,0.0,0.0,0
LBN,0.0,0,0.0,0.0,0,-4.824558165895707e-06,0.0,0,0.0,0,0.0,0,0
LBR,0.0,3.892535880888077,0.0,0.0,0.0,-4.824558165895688e-06,0.0,0.0,0.0,0.0,0.0,0.0,0
LCA,4.999999999999999,4.486397911479189,0.0,0.0,0.0,-4.824558165895734e-06,0.0,4.999979410303233,0.0,0.0,0.0,65.00201710005206,0
LES,0.0,4.582268474659834,0.0,0.0,0.0,-4.824558165895697e-06,0.0,0.0,0.0,0.0,0.0,0.0,0
LIB,0.0,8.086009200440577,0.0,0.0,0.0,-4.824558165895714e-06,0.0,0.15785662730970476,0.0,0.0,0.0,0.0,0
LIE,0.0,1.9393741046500477,0.0,0.0,0.0,-4.824558165895713e-06,0.0,0.0,0.0,0.0,0.0,0.0,0
LTU,6.0,42.043080215891855,0.0,0.2248143364792204,2.0000074246744246,-4.824558165895686e-06,1.9999997116983415,3.439861172232975,0.0,0.0,0.6814690664820412,61.870909256769565,0
LUX,0.0,12.515360922512937,0.0,0.0,0.0,-4.824558165895733e-06,0.0,0.026153223814221624,0.0,0.0,-0.4563695205009096,55.07762606729052,0
MAD,0.0,6.295074393738834,0.0,0.0,0.0,-4.824558165895688e-06,0.0,0.0,0.0,0.0,0.0,0.0,0
MAL,0.0,0,0.0,0.0,0,-4.824558165895707e-06,0.0,0,0.0,0,0.0,0,0
MAR,4.0,38.44656277457721,0.0,0.0,0.0,-4.824558165895705e-06,0.0,2.7644372966208355,0.0,0.0,1.9999999257687195,67.53423923372026,0
MAS,2.0,30.664965016340346,0.0,0.0,0.0,0.4987446828930713,2.0246400491826915,0.0,2.8741811093185508,0.0,0.5788417742097739,48.790604909773855,0
MAW,0.0,2.741958826192043,0.0,0.0,0.0,-4.824558165895695e-06,0.0,0.0,0.0,0.0,0.0,0.0,0
MDA,5.0,28.152251905078625,0.0,0.0,0.0,-4.824558165895734e-06,0.0,6.036073854716636,1.8110621024294842,0.0,0.0,29.57820294756855,0
MDV,0.0,4.891088110270421,0.0,0.0,0.0,-4.824558165895698e-06,0.0,0.0,0.0,0.0,0.0,0.0,0
MEX,8.0,86.59799804724076,0.0,-0.08358538339419733,0.0,0.8113063920389065,1.2091003545681427,2.400000026947599,0.0,0.0,0.2367279533421598,40.68532450676935,0
MGL,2.0,40.23889080923603,0.0,0.0,0.0,-4.8245581658957044e-06,0.0,3.224173307585869,0.0,0.0,0.0,51.07222004913478,0
MHL,0.0,4.0000020840063835,0.0,0.0,0.0,-4.82455816589571e-06,0.0,0.0,0.0,0.0,0.0,0.0,0
MKD,0.0,5.398014848894725,0.0,0.0,0.0,1.0738174776830234,0.0,5.462794071327324e-76,0.0,0.0,0.0,60.144054887190585,0
MLI,0.0,5.318626574354595,0.0,0.0,0.0,-4.8245581658957044e-06,0.0,0.0,0.0,0.0,0.0,0.0,0
MLT,0.0,6.391654087188253,0.0,0.0,0.0,-4.824558165895708e-06,0.0,0.0,0.0,0.0,0.0,0.0,0
MNE,0.0,6.999986617235084,0.0,0.0,0.0,-4.82455816589571e-06,0.0,0.3999815268903193,0.0,0.0,0.0,102.90999152533975,0
MON,0.0,6.17039816679898,0.0,0.0,0.0,-4.8245581658957205e-06,0.0,0.0,0.0,0.0,2.268039918062223e-05,0.0,0
MOZ,0.0,7.516881021418162,0.0,0.0,0.0,-4.824558165895695e-06,0.0,0.3333074084744097,0.0,0.0,0.0,62.48915459048745,0
MRI,0.0,13.730919411324374,0.0,0.0,0.0,-4.824558165895686e-06,0.0,0.09091120927947767,0.0,0.0,0.0,46.24716429359904,0
MTN,0.0,2.0,0.0,0.0,0.0,-4.824558165895686e-06,0.0,0.0,0.0,0.0,0.0,0.0,0
MYA,0.0,0.695003682643355,0.0,0.0,0.0,-4.824558165895713e-06,0.0,0.0,0.0,0.0,0.0,0.0,0
NAM,0.0,8.11547274452667,0.0,0.0,0.0,-4.824558165895735e-06,0.0,0.2892075030886198,0.0,0.0,0.0,43.70753472066744,0
NBO,0.0,,0.0,0.0,0.0,0,0.0,0.0,0.0,0.0,0.0,0.0,0
NCA,0.0,6.484372176295344,0.0,0.0,0.0,-4.824558165895688e-06,0.0,0.0,0.0,0.0,0.0,0.0,0
NED,71.0,139.794444757327,0.0,1.931215249335275,0.0,0.097787642439526,5.048773980979066,27.427909739659107,22.989225654508697,0.0,10.562860902987529,49.79612594357996,0
NEP,0.0,5.963907777562063,0.0,0.0,0.0,-4.8245581658957044e-06,0.0,0.0,0.0,0.0,0.0,0.0,0
NFL,0.0,,0.0,0.0,0.0,0,0.0,0.0,0.0,0.0,0.0,0.0,0
NGR,4.440892098500626e-16,38.144883339058524,0.0,0.0,0.0,0.06995211471661862,0.0,0.6238713203520263,0.0,0.0,0.971962740315748,33.42963710727249,0
NIG,0.0,7.123609881058494,0.0,0.0,0.0,0.0015751979019129891,0.0,0.05686101078452095,0.0,0.0,0.0,60.58380608250991,0
NOR,17.0,60.89227161523087,0.0,3.1592863232872896,0.0,0.07940995061582373,0.0,12.202212312707085,4.185529951700124,0.0,-2.2560017749198025,52.70456921025218,0
NRU,0.0,1.784365384103507,0.0,0.0,0.0,-4.824558165895734e-06,0.0,0.0,0.0,0.0,0.0,0.0,0
NZL,47.0,102.75839762101096,0.0,0.0,0.0,-4.82455816589571e-06,0.11209274167201873,14.651450779778923,36.18507315635784,0.0,4.030356274474656,50.91671099875554,0
OMA,0.0,3.868848738054914,0.0,0.0,0.0,-4.824558165895686e-06,0.0,0.0,0.0,0.0,0.0,0.0,0
PAK,3.0,9.153328600906672,0.0,0.0,0.0,-4.824558165895713e-06,-0.08199632356076596,0.3516695868387756,0.0,0.0,0.0,54.68094845769698,0
PAN,2.0000000000000004,13.29246791177437,0.0,0.0,0.0,-4.824558165895713e-06,0.0,0.36848370299029853,0.0,0.0,0.0,31.816913593826936,0
PAR,0.0,9.692023589334939,0.0,0.0,0.0,-4.824558165895688e-06,0.0,0.0,0.0,0.0,0.24046583781638756,41.73384883489173,0
PER,1.0,22.991771194534103,0.0,0.11868082676777511,0.0,-4.824558165895737e-06,0.0,0.3181600831037047,0.0,0.0,2.000000930127365,46.76722503520236,0
PHI,8.0,26.717404170276936,0.0,11.999996919585717,0.0,-4.8245581658957205e-06,0.0,2.542119116199821,0.0,0.0,0.0,40.96810288689363,0
PLE,0.0,7.120616970809779,0.0,0.0,0.0,-4.824558165895734e-06,0.0,0.0,0.0,0.0,0.0,0.0,0
PLW,0.0,3.090835880150503,0.0,0.0,0.0,-4.824558165895721e-06,0.0,0.0,0.0,0.0,0.0,0.0,0
PNG,0.0,6.433119949735241,0.0,0.0,0.0,-4.824558165895695e-06,0.0,0.0,0.0,0.0,0.0,0.0,0
POL,14.999999999999998,140.77930195595528,0.0,0.6643833897727802,0.0,0.16998299383419999,6.000000042135291,7.090977342223297,7.156283901682386,0.0,0.6445073243785825,46.06970138529006,0
POR,8.0,66.30016717511984,0.0,0.0,0.0,-4.82455816589571e-06,0.0,3.0631880843067183,3.6259635658775853,0.0,-0.5292911662948468,57.91154899718739,0
PRK,8.0,20.132975167656415,0.0,-1.0004555113702355e-12,0.0,-1.1344484870839662,5.999998364419355,8.818169799709,0.0,0.0,0.0,15.9938105636287,0
PUR,2.0,26.36446200090298,0.0,0.0,0.0,-4.824558165895721e-06,0.0,1.3307129431651648,0.0,0.0,1.877706156558324,43.399691249879375,0
QAT,1.0000000000000009,15.103839754435464,0.0,0.9733977215251244,0.0,-4.824558165895686e-06,0.0,2.31174619002984,0.0,0.0,0.0,87.3968108587938,0
RHO,0.0,,0.0,0.0,0.0,0,0.0,0.0,0.0,0.0,0.0,0.0,0
ROC,131.0,,0.0,27.00000449999775,0.0,0,22.500003749998125,78.0,4.000000666666445,0.0,7.500001249999375,47.41532976827095,0
ROT,0.0,,0.0,0.0,0.0,0,0.0,0.0,0.0,0.0,0.0,0.0,0
ROU,19.0,60.27657389670979,0.0,0.7174793898158605,0.0,-4.824558165895702e-06,0.10468909442470734,14.90389842111529,0.0,0.0,0.1498468648477872,39.67855723188277,0
RSA,11.0,74.34744421010718,0.0,1.982799370482767,0.0,-4.824558165895693e-06,0.0,8.526010304941385,1.9110541995394437,1.0000000000002356,-0.25132031914902875,58.4386158188928,0
RUS,107.0,189.07937351544982,0.0,-0.2812377265602013,8.999790643757727,2.933830080683365,11.745759280900844,82.20930544886383,0.0,0.0,11.682292532846972,0.0,0
RWA,0.0,7.0836056520668045,0.0,0.0,0.0,-4.824558165895686e-06,0.0,0.0,0.0,0.0,0.0,0.0,0
SAA,0.0,,0.0,0.0,0.0,0,0.0,0.0,0.0,0.0,0.0,0.0,0
SAM,0.0,12.770431732647918,0.0,0.0,0.0,-4.824558165895686e-06,0.0,0.0,0.0,0.0,0.0,86.24820018767146,0
SCG,4.000000000028177,53.4811723907948,0.0,0,0.0,-4.8245581658957205e-06,0,3.6666692203746614,0.0,0.0,0,86.56585009479873,0
SEN,0.0,14.194511822655834,0.0,0.0,0.0,-4.824558165895705e-06,0.0,0.12498451487559081,0.0,0.0,0.0,58.92827204040191,0
SEY,0.0,5.333267557422058,0.0,0.0,0.0,-4.824558165895686e-06,0.0,0.0,0.0,0.0,0.0,0.0,0
SGP,1.0,25.494535482033687,0.0,0.0,0.0,0.14514674543724712,0.0,0.2777900765800564,0.0,0.0,2.000003226792116,27.93051271067903,0
SKN,0.0,2.875147302530676,0.0,0.0,0.0,-4.824558165895734e-06,0.0,0.0,0.0,0.0,0.0,0.0,0
SLE,0.0,4.0,0.0,0.0,0.0,-4.824558165895697e-06,0.0,0.0,0.0,0.0,0.0,0.0,0
SLO,8.0,55.867429729118314,0.0,0.0,0.0,-4.824558165895735e-06,4.512480333113837,2.9631420762122396,3.59912122964357,0.0,2.9623311777481858,43.48101842466163,0
SMR,0.0,6.145156969982642,0.0,0.0,0.0,-4.824558165895705e-06,0.0,0.5523792993713295,0.0,0.0,0.0,43.17323132397203,0
SOL,0.0,2.937130769503028,0.0,0.0,0.0,-4.824558165895686e-06,0.0,0.0,0.0,0.0,0.0,0.0,0
SOM,0.0,1.3053134866492135,0.0,0.0,0.0,-4.824558165895686e-06,0.0,0.0,0.0,0.0,0.0,0.0,0
SRB,12.0,55.78321240025196,0.0,2.942965958290274,0.0,2.981640528162128,3.5288068922729625,6.000004191272314,0.0,0.0,5.9364048148788715,63.49295514976659,0
SRI,0.0,9.66941688992614,0.0,0.0,0.0,-4.824558165895713e-06,0.0,0.21050623628364945,0.0,0.0,0.0,41.80878225527385,0
SSD,0.0,2.000155610057174,0.0,0,0.0,-4.8245581658957205e-06,0,0.0,0.0,0.0,0,0.0,0
STP,0.0,3.0,0.0,0.0,0.0,-4.824558165895734e-06,0.0,0.0,0.0,0.0,0.0,0.0,0
SUD,0.0,4.631159799481659,0.0,0.0,0.0,-4.824558165895688e-06,0.0,0.14286714445700385,0.0,0.0,0.0,68.57586526181288,0
SUI,12.0,92.85865930772358,0.0,1.0000021642354628,0.0,-4.824558165895683e-06,0.0,4.832249495880349,0.0,0.20131952640999895,5.981508494195246,61.81236160878821,0
SUR,0.0,5.583945098550202,0.0,0.0,0.0,-4.824558165895688e-06,0.0,0.2855791151920341,0.0,0.0,0.0,95.73345392287982,0
SVK,1.0000000000000009,17.864019525454843,0.0,0.0,0.0,-4.824558165895734e-06,0.0,1.4574048829112287,7.54623561374596,0.0,0.0,38.70662608594277,0
SWE,23.0,83.05036119086915,0.0,5.999961578514988,0.0,2.165944499840104,-0.26640889181755767,11.94616189750734,0.0,0.999993066778899,3.933075703843846,41.4910953812326,0
SWZ,0.0,3.428775689120519,0.0,0.0,0.0,-4.824558165895695e-06,0.0,0.0,0.0,0.0,0.0,0.0,0
SYR,0.0,7.817669641891383,0.0,0.0,0.0,-4.8245581658957044e-06,0.0,0.466664544017015,0.0,0.0,0.0,72.79952864678584,0
TAN,0.0,7.734227422487204,0.0,0.0,0.0,-4.8245581658957044e-06,0.0,0.26666519781904263,0.0,0.0,0.0,60.26580792300015,0
TCH,17.0,106.55069469849983,0.0,0.2156528537410232,1.3497101136844113e-17,-4.824558165895705e-06,1.2112018117490324,14.817167693344121,0.0,0.0,3.774535186077024,66.52155652657497,0
TGA,-4.15816390625796e-112,5.224514708691123,0.0,0.0,0.0,-4.824558165895686e-06,0.0,0.18181631770529902,0.0,0.0,0.0,44.94947528942823,0
THA,11.0,41.894926528137255,0.0,0.0,0.0,4.610904761776868,0.0,4.88248421566032,0.0,0.0,0.0,40.969221869317245,0
TJK,3.0,11.984297835771466,0.0,0.0,0.0,-4.824558165895734e-06,0.0,1.6845843773366795,0.0,0.0,0.0,66.48277330816688,0
TKM,0.0,7.408587222373308,0.0,0.0,0.0,-4.824558165895734e-06,0.0,0.30082577884483536,0.0,0.0,0.0,58.72670450139067,0
TLS,0.0,4.000018397942302,0.0,0.0,0.0,-4.824558165895731e-06,0.0,0.0,0.0,0.0,0.0,0.0,0
TOG,1.5192908393215678e-64,5.9044896495863455,0.0,0.0,0.0,-4.824558165895695e-06,0.0,0.08333766952176452,0.0,0.0,0.0,54.77985367413416,0
TPE,11.000000000000002,55.60547189598429,0.0,2.239308828889717,0.0,2.094115053646369,0.9881540285220092,6.760111003291668,1.4072456870585839,0.0,0.0,52.832301876240976,0
TTO,0.0,13.67467821027851,0.0,0.0,0.0,-4.824558165895713e-06,0.0,1.5789763558125245,0.0,0.0,0.0,62.25156045326794,0
TUN,6.0,36.01957580652147,0.0,0.0,0.0,5.677475799147341,0.0,2.374100569791008,0.0,0.0,0.0,56.97016594272508,0
TUR,11.0,90.72235961802828,0.0,0.9926691409598583,0.0,4.3424557051479535,4.963244055236233,8.924822573536014,0.0,0.0,0.0,58.65286498064064,0
TUV,0.0,1.442869757497005,0.0,0.0,0.0,-4.82455816589571e-06,0.0,0.0,0.0,0.0,0.0,0.0,0
UAE,0.0,11.225539252703932,0.0,0.0,0.0,-4.824558165895686e-06,0.0,0.3636364015835608,0.0,0.0,0.0,97.42402800378028,0
UAR,3.0000000000000004,,0.0,0.0,0.0,0,0.0,3.0000000000000004,0.0,0.0,0.0,0.0,0
UGA,5.0,15.30719718693283,0.0,0.0,0.0,-4.824558165895714e-06,0.0,4.888407633721825,0.0,0.0,0.0,49.816997934207905,0
UKR,22.0,97.8352842053441,0.0,3.9999846147503675,0.0,0.7690360599414312,-1.394687289273869,18.28552848566739,7.078522543138101,0.0,-1.4571869075706418,52.812903851347905,0
UNK,0.0,,0.0,0.0,0.0,0,0.0,0.0,0.0,0.0,0.0,0.0,0
URS,246.00000000000003,238.0268751003431,0.0,10.338523318663306,0.0,0.9201363980303503,10.655090392579606,231.88447242544265,0.0,0.0,30.52550850457863,63.1587545697361,0
URU,0.0,12.83310328158681,0.0,0.026043851646266467,0.0,-4.8245581658957205e-06,0.0,0.03497321221204198,0.0,0.0,-0.28623842997376875,85.16677762690263,0
USA,218.0,273.0250757509044,0.0,23.71947532011908,2.8867923730351794,3.193135613186315,9.124083581075642,154.98444451896873,5.623084816665317,1.9999999999982119,11.757967657413689,48.2928761372632,1
UZB,31.0,70.1257558688012,0.0,0.0,0.0,4.72349329568279,-0.7747278955635216,17.46953322341256,0.0,0.0,0.0,57.25192727685571,0
VAN,0.0,5.920397510352861,0.0,0.0,0.0,-4.824558165895698e-06,0.0,0.0,0.0,0.0,0.0,0.0,0
VEN,0.0,18.801644745785026,0.0,0.0,0.0,0.058991275826428005,0.0,2.0070640774555866,0.0,0.0,-2.0001452228810885,63.28476470341043,0
VIE,0.0,17.700491012282065,0.0,0.0,0.0,0.29805625104158245,0.0,0.6371025184226682,0.0,0.0,0.0,40.52226960871282,0
VIN,0.0,3.7379260393574834,0.0,0.0,0.0,-4.824558165895698e-06,0.0,0.0,0.0,0.0,0.0,0.0,0
VNM,0.0,8.904417938380561,0.0,0.0,0.0,-4.824558165895731e-06,0.0,0.0,0.0,0.0,0.0,0.0,0
WIF,2.0,,0.0,0.0,0.0,0,0.0,2.0,0.0,0.0,0.0,0.0,0
YAR,0.0,0,0.0,0.0,0,-4.824558165895707e-06,0.0,0,0.0,0,0.0,0,0
YEM,0.0,2.873765299350574,0.0,0.0,0.0,-4.824558165895735e-06,0.0,0.0,0.0,0.0,0.0,0.0,0
YMD,0.0,,0.0,0.0,0.0,0,0.0,0.0,0.0,0.0,0.0,0.0,0
YUG,22.0,59.31936406775256,0.0,4.111962451247981,0.0,0.021066361960668606,0.0,18.721450921973464,0.0,0.0,-0.2846649811675127,79.67813787595146,0
ZAM,1.0,6.045803044065586,0.0,0.0,0.0,-4.8245581658957044e-06,0.0,0.266667013258196,0.0,0.0,0.0,32.91790810981255,0
ZIM,0.0,4.673346003428291,0.0,0.0,0.0,-4.8245581658957044e-06,-0.5230010166532825,0.28926933808633176,0.0,0.0,0.0,66.58314593959898,0
